partner code,location
87166349,Hyderabad
74148162,Kolkata
56134623,Coimbatore
47682117,Pune
21566856,Pune
42541284,Mumbai
87166349,Ahmedabad
90621128,Coimbatore
90621128,Delhi
82409281,Coimbatore
40591042,Chennai
42541284,Jaipur
24201143,Bangalore
74051944,Coimbatore
93078319,Jaipur
24201143,Bangalore
93078319,Ahmedabad
65439331,Ahmedabad
10371806,Hyderabad
66049599,Kolkata
74148162,Jaipur
57719194,Pune
50903313,Jaipur
59279310,Mumbai
50903313,Chennai
82409281,Jaipur
78119507,Pune
24201143,Bangalore
10371806,Jaipur
77353291,Bangalore
65439331,Mumbai
40591042,Chennai
57719194,Hyderabad
78119507,Kolkata
56134623,Ahmedabad
56134623,Hyderabad
90621128,Coimbatore
78119507,Jaipur
99558396,Mumbai
59279310,Hyderabad
